{
  "computed_at": "2026-05-23T21:43:39",
  "universe_size": 800,
  "panel_rows": 653191,
  "threshold": 0.15,
  "kept_features": [
    "pb_ind_rank",
    "pe_ind_rank",
    "amihud_illiq",
    "vwap_dev",
    "total_mv_log",
    "ma_alignment",
    "close_ma60_dev",
    "volume_volatility",
    "amount_volatility",
    "low_distance_60d",
    "mom_60d",
    "mom_20d",
    "lower_shadow",
    "pb",
    "mom_20d_ind_rank",
    "mom_accel",
    "price_range_10d",
    "upper_shadow",
    "close_ma20_dev",
    "rsi_14",
    "obv_slope",
    "intraday_intensity",
    "return_extremes_ratio",
    "vol_price_corr",
    "mfi_14",
    "mom_10d",
    "return_kurtosis_20d",
    "vol_ratio_5_60"
  ],
  "dropped_features": [
    "atr_14",
    "gap_5d",
    "volatility_20d",
    "updown_vol_ratio",
    "turnover_pctile",
    "cci_20",
    "boll_pctb",
    "return_skew_20d",
    "pe_ttm",
    "turnover_5d",
    "roe",
    "high_distance_60d",
    "mom_5d",
    "roe_ind_rank",
    "return_autocorr",
    "amount_ratio",
    "boll_bandwidth",
    "revenue_growth_accel",
    "close_position",
    "volume_trend",
    "williams_r",
    "roe_qoq",
    "profit_growth_accel",
    "close_ma5_dev",
    "boll_pctb_delta",
    "adx_14",
    "consecutive_days",
    "macd_hist_delta",
    "profit_growth",
    "rsi_delta",
    "revenue_growth",
    "vol_price_ratio",
    "macd_hist",
    "kdj_j",
    "max_drawdown_20d",
    "body_ratio"
  ],
  "ic_summary": [
    {
      "n": 979,
      "mean": -0.03460219899255652,
      "std": 0.07287054129998423,
      "icir": -0.474844818979875,
      "t_stat": -14.857407999637003,
      "pos_pct": 0.32073544433094997,
      "abs_mean": 0.03460219899255652,
      "feature": "pb_ind_rank"
    },
    {
      "n": 979,
      "mean": -0.025720788015852463,
      "std": 0.05647126282339016,
      "icir": -0.45546684685080246,
      "t_stat": -14.251091100685164,
      "pos_pct": 0.3176710929519918,
      "abs_mean": 0.025720788015852463,
      "feature": "pe_ind_rank"
    },
    {
      "n": 979,
      "mean": 0.057069253535615254,
      "std": 0.125543574811863,
      "icir": 0.45457725432096424,
      "t_stat": 14.223256661641203,
      "pos_pct": 0.7078651685393258,
      "abs_mean": 0.057069253535615254,
      "feature": "amihud_illiq"
    },
    {
      "n": 979,
      "mean": -0.05138676521904985,
      "std": 0.1481078265063257,
      "icir": -0.34695509637267624,
      "t_stat": -10.855869577426517,
      "pos_pct": 0.3738508682328907,
      "abs_mean": 0.05138676521904985,
      "feature": "vwap_dev"
    },
    {
      "n": 979,
      "mean": -0.05295634677809653,
      "std": 0.1581093735847675,
      "icir": -0.33493489713754976,
      "t_stat": -10.479769855717713,
      "pos_pct": 0.3769152196118488,
      "abs_mean": 0.05295634677809653,
      "feature": "total_mv_log"
    },
    {
      "n": 979,
      "mean": -0.058192666354840106,
      "std": 0.1901244825676017,
      "icir": -0.30607665866571815,
      "t_stat": -9.576825133591568,
      "pos_pct": 0.3922369765066394,
      "abs_mean": 0.058192666354840106,
      "feature": "ma_alignment"
    },
    {
      "n": 979,
      "mean": -0.05701068148951873,
      "std": 0.1906444998147658,
      "icir": -0.2990418372673301,
      "t_stat": -9.356712777843493,
      "pos_pct": 0.4024514811031665,
      "abs_mean": 0.05701068148951873,
      "feature": "close_ma60_dev"
    },
    {
      "n": 979,
      "mean": -0.025971461370706994,
      "std": 0.09063742207719573,
      "icir": -0.2865423660062523,
      "t_stat": -8.96561712536373,
      "pos_pct": 0.372829417773238,
      "abs_mean": 0.025971461370706994,
      "feature": "volume_volatility"
    },
    {
      "n": 979,
      "mean": -0.028830966800416982,
      "std": 0.10247418741036514,
      "icir": -0.281348576934417,
      "t_stat": -8.803108785333627,
      "pos_pct": 0.36670071501532175,
      "abs_mean": 0.028830966800416982,
      "feature": "amount_volatility"
    },
    {
      "n": 979,
      "mean": -0.05181035996864939,
      "std": 0.188620099299726,
      "icir": -0.2746810131104869,
      "t_stat": -8.594487542906325,
      "pos_pct": 0.3953013278855976,
      "abs_mean": 0.05181035996864939,
      "feature": "low_distance_60d"
    },
    {
      "n": 979,
      "mean": -0.046120315260765495,
      "std": 0.1894477591072553,
      "icir": -0.24344608496875705,
      "t_stat": -7.617178635465782,
      "pos_pct": 0.4351378958120531,
      "abs_mean": 0.046120315260765495,
      "feature": "mom_60d"
    },
    {
      "n": 979,
      "mean": -0.04302512819024963,
      "std": 0.1842187963789744,
      "icir": -0.23355449626181715,
      "t_stat": -7.307680956836089,
      "pos_pct": 0.44126659856996936,
      "abs_mean": 0.04302512819024963,
      "feature": "mom_20d"
    },
    {
      "n": 979,
      "mean": -0.03880854208496928,
      "std": 0.16880242605174106,
      "icir": -0.22990512039841032,
      "t_stat": -7.1934957241465005,
      "pos_pct": 0.3983656792645557,
      "abs_mean": 0.03880854208496928,
      "feature": "lower_shadow"
    },
    {
      "n": 979,
      "mean": -0.052620448451775804,
      "std": 0.23186330037943184,
      "icir": -0.2269459994991241,
      "t_stat": -7.100907862252168,
      "pos_pct": 0.40858018386108275,
      "abs_mean": 0.052620448451775804,
      "feature": "pb"
    },
    {
      "n": 979,
      "mean": -0.017819275779860918,
      "std": 0.07907842336293383,
      "icir": -0.2253367609275489,
      "t_stat": -7.050556435699782,
      "pos_pct": 0.42288049029622066,
      "abs_mean": 0.017819275779860918,
      "feature": "mom_20d_ind_rank"
    },
    {
      "n": 979,
      "mean": 0.03777851795480214,
      "std": 0.1769409682914535,
      "icir": 0.2135091625166996,
      "t_stat": 6.680482996500493,
      "pos_pct": 0.5597548518896833,
      "abs_mean": 0.03777851795480214,
      "feature": "mom_accel"
    },
    {
      "n": 979,
      "mean": -0.04688119181291183,
      "std": 0.23668095331826527,
      "icir": -0.19807758569347408,
      "t_stat": -6.1976447643534955,
      "pos_pct": 0.41266598569969354,
      "abs_mean": 0.04688119181291183,
      "feature": "price_range_10d"
    },
    {
      "n": 979,
      "mean": -0.03678006771115934,
      "std": 0.19079057283332848,
      "icir": -0.19277717533397107,
      "t_stat": -6.031800353445063,
      "pos_pct": 0.4044943820224719,
      "abs_mean": 0.03678006771115934,
      "feature": "upper_shadow"
    },
    {
      "n": 979,
      "mean": -0.03475717614154358,
      "std": 0.1832081475907303,
      "icir": -0.189714139892882,
      "t_stat": -5.935961111977973,
      "pos_pct": 0.43820224719101125,
      "abs_mean": 0.03475717614154358,
      "feature": "close_ma20_dev"
    },
    {
      "n": 979,
      "mean": -0.03330047234344179,
      "std": 0.17583134632765457,
      "icir": -0.1893887127576656,
      "t_stat": -5.925778830253915,
      "pos_pct": 0.44228804902962204,
      "abs_mean": 0.03330047234344179,
      "feature": "rsi_14"
    },
    {
      "n": 979,
      "mean": -0.028186269462857724,
      "std": 0.14998781727212093,
      "icir": -0.18792372590981668,
      "t_stat": -5.879940892379065,
      "pos_pct": 0.45965270684371806,
      "abs_mean": 0.028186269462857724,
      "feature": "obv_slope"
    },
    {
      "n": 979,
      "mean": -0.0283693959924546,
      "std": 0.1588914877844808,
      "icir": -0.17854572569006735,
      "t_stat": -5.586512871441963,
      "pos_pct": 0.45965270684371806,
      "abs_mean": 0.0283693959924546,
      "feature": "intraday_intensity"
    },
    {
      "n": 979,
      "mean": -0.019957625457823487,
      "std": 0.11203884687597584,
      "icir": -0.1781313001187532,
      "t_stat": -5.573545919814008,
      "pos_pct": 0.45658835546475995,
      "abs_mean": 0.019957625457823487,
      "feature": "return_extremes_ratio"
    },
    {
      "n": 979,
      "mean": -0.020787553273815422,
      "std": 0.1204469436063898,
      "icir": -0.17258680586987205,